Valor do sinal,Temperatura,Umidade,Hora
-0.19921875,26.0°C,75%,20:21:50
-0.00390625,26.0°C,75%,20:22:06
0.09765625,26.0°C,75%,20:22:23
-0.080078125,26.0°C,75%,20:22:39
-0.19921875,26.0°C,75%,20:22:55
0.044921875,26.0°C,75%,20:23:11
0.1015625,26.0°C,75%,20:23:27
-0.1484375,26.0°C,75%,20:23:43
-0.208984375,26.0°C,75%,20:23:59
0.083984375,26.0°C,75%,20:24:17
0.09765625,26.0°C,75%,20:24:33
-0.1875,26.0°C,75%,20:24:50
-0.19140625,26.0°C,75%,20:25:06
0.103515625,26.0°C,75%,20:25:22
0.091796875,26.0°C,75%,20:25:38
-0.205078125,26.0°C,75%,20:25:54
-0.16796875,26.0°C,75%,20:26:10
0.103515625,26.0°C,75%,20:26:27
0.0703125,26.0°C,75%,20:26:43
-0.197265625,26.0°C,75%,20:26:59
-0.107421875,26.0°C,75%,20:27:17
0.095703125,26.0°C,75%,20:27:33
0.005859375,26.0°C,75%,20:27:53
-0.203125,26.0°C,75%,20:28:09
-0.04296875,26.0°C,75%,20:28:25
0.1015625,26.0°C,75%,20:28:41
-0.05078125,26.0°C,75%,20:28:58
-0.20703125,26.0°C,75%,20:29:14
0.009765625,26.0°C,75%,20:29:30
0.095703125,26.0°C,75%,20:29:46
-0.109375,26.0°C,75%,20:30:03
-0.201171875,26.0°C,75%,20:30:19
0.07421875,26.0°C,75%,20:30:35
0.095703125,26.0°C,75%,20:30:51
-0.15625,26.0°C,75%,20:31:07
-0.203125,26.0°C,75%,20:31:23
0.1015625,26.0°C,75%,20:31:40
0.103515625,26.0°C,75%,20:31:56
-0.19921875,26.0°C,75%,20:32:12
-0.185546875,26.0°C,75%,20:32:28
0.09375,26.0°C,75%,20:32:44
0.083984375,26.0°C,75%,20:33:00
-0.2109375,26.0°C,75%,20:33:17
-0.13671875,26.0°C,75%,20:33:34
0.09375,26.0°C,75%,20:33:50
0.0390625,26.0°C,75%,20:34:06
-0.208984375,26.0°C,75%,20:34:22
-0.087890625,26.0°C,75%,20:34:38
0.09375,26.0°C,75%,20:34:54
-0.03515625,26.0°C,75%,20:35:10
-0.21484375,26.0°C,75%,20:35:26
-0.0546875,26.0°C,75%,20:35:42
0.08203125,26.0°C,75%,20:35:59
-0.107421875,26.0°C,75%,20:36:15
-0.2265625,26.0°C,75%,20:36:31
0.01171875,26.0°C,75%,20:36:47
0.080078125,26.0°C,75%,20:37:03
-0.1328125,26.0°C,75%,20:37:19
-0.197265625,26.0°C,75%,20:37:36
0.0703125,26.0°C,75%,20:37:52
0.08984375,26.0°C,75%,20:38:08
-0.19140625,26.0°C,75%,20:38:25
-0.1953125,26.0°C,75%,20:38:41
0.10546875,26.0°C,75%,20:38:57
0.091796875,26.0°C,75%,20:39:13
-0.19921875,26.0°C,75%,20:39:29
-0.14453125,26.0°C,75%,20:39:45
0.09765625,26.0°C,75%,20:40:02
0.05078125,26.0°C,75%,20:40:18
-0.2109375,26.0°C,75%,20:40:34
-0.095703125,26.0°C,75%,20:40:50
0.095703125,26.0°C,75%,20:41:06
0.02734375,26.0°C,75%,20:41:22
-0.185546875,26.0°C,75%,20:41:40
-0.017578125,26.0°C,75%,20:41:56
0.12890625,26.0°C,75%,20:42:12
-0.021484375,26.0°C,75%,20:42:29
-0.177734375,26.0°C,75%,20:42:45
0.05078125,26.0°C,75%,20:43:01
0.11328125,26.0°C,75%,20:43:17
-0.193359375,26.0°C,75%,20:43:34
-0.060546875,26.0°C,75%,20:43:50
0.107421875,26.0°C,75%,20:44:06
-0.017578125,26.0°C,75%,20:44:23
-0.201171875,26.0°C,75%,20:44:39
-0.03515625,26.0°C,75%,20:44:55
0.091796875,26.0°C,75%,20:45:11
-0.087890625,26.0°C,75%,20:45:28
-0.212890625,26.0°C,75%,20:45:44
0.04296875,26.0°C,75%,20:46:00
0.095703125,26.0°C,75%,20:46:16
-0.15234375,26.0°C,75%,20:46:32
-0.208984375,26.0°C,75%,20:46:48
0.09375,26.0°C,75%,20:47:04
0.08984375,26.0°C,75%,20:47:21
-0.205078125,26.0°C,75%,20:47:37
-0.205078125,26.0°C,75%,20:47:54
0.087890625,26.0°C,75%,20:48:10
0.083984375,26.0°C,75%,20:48:26
-0.220703125,26.0°C,75%,20:48:47
-0.15625,26.0°C,75%,20:49:03
0.103515625,26.0°C,75%,20:49:19
0.07421875,26.0°C,75%,20:49:35
-0.197265625,26.0°C,75%,20:49:51
-0.111328125,26.0°C,75%,20:50:08
0.091796875,26.0°C,75%,20:50:25
0.00390625,26.0°C,75%,20:50:41
-0.212890625,26.0°C,75%,20:50:57
-0.0546875,26.0°C,75%,20:51:13
0.099609375,26.0°C,75%,20:51:30
-0.04296875,26.0°C,75%,20:51:46
-0.203125,26.0°C,75%,20:52:06
0.013671875,26.0°C,75%,20:52:22
0.10546875,26.0°C,75%,20:52:38
-0.09375,26.0°C,75%,20:52:55
-0.19140625,26.0°C,75%,20:53:11
0.091796875,26.0°C,75%,20:53:27
0.1015625,26.0°C,75%,20:53:43
-0.15234375,26.0°C,75%,20:54:00
-0.19921875,26.0°C,75%,20:54:17
0.103515625,26.0°C,75%,20:54:33
0.103515625,26.0°C,75%,20:54:49
-0.1953125,26.0°C,75%,20:55:06
-0.1875,26.0°C,75%,20:55:22
0.095703125,26.0°C,75%,20:55:38
0.083984375,26.0°C,75%,20:55:57
-0.21484375,26.0°C,75%,20:56:14
-0.15625,26.0°C,75%,20:56:30
0.09765625,26.0°C,75%,20:56:46
0.046875,26.0°C,75%,20:57:03
-0.208984375,26.0°C,75%,20:57:19
-0.08984375,26.0°C,75%,20:57:35
0.095703125,26.0°C,75%,20:57:52
-0.009765625,26.0°C,75%,20:58:10
-0.197265625,26.0°C,75%,20:58:26
-0.009765625,26.0°C,75%,20:58:42
0.1015625,26.0°C,75%,20:58:58
-0.060546875,26.0°C,75%,20:59:14
-0.19921875,26.0°C,75%,20:59:31
0.048828125,26.0°C,75%,20:59:47
0.107421875,26.0°C,75%,21:00:03
-0.130859375,26.0°C,75%,21:00:20
-0.19921875,26.0°C,75%,21:00:36
0.078125,26.0°C,75%,21:00:52
0.095703125,26.0°C,75%,21:01:08
-0.1875,26.0°C,75%,21:01:25
-0.201171875,26.0°C,75%,21:01:41
0.09375,26.0°C,75%,21:01:57
0.087890625,26.0°C,75%,21:02:13
-0.21484375,26.0°C,75%,21:02:29
-0.18359375,26.0°C,75%,21:02:45
0.095703125,26.0°C,75%,21:03:01
0.06640625,26.0°C,75%,21:03:18
-0.1953125,26.0°C,75%,21:03:34
-0.087890625,26.0°C,75%,21:03:50
0.103515625,26.0°C,75%,21:04:06
0.025390625,26.0°C,75%,21:04:22
-0.1953125,26.0°C,75%,21:04:38
-0.03125,26.0°C,75%,21:04:54
0.1015625,26.0°C,75%,21:05:10
-0.044921875,26.0°C,75%,21:05:27
-0.208984375,26.0°C,75%,21:05:43
0.009765625,26.0°C,75%,21:05:59
0.09765625,26.0°C,75%,21:06:15
-0.12109375,26.0°C,75%,21:06:31
-0.20703125,26.0°C,75%,21:06:47
0.046875,26.0°C,75%,21:07:03
0.08984375,26.0°C,75%,21:07:19
-0.18359375,26.0°C,75%,21:07:35
-0.205078125,26.0°C,75%,21:07:52
0.09765625,26.0°C,75%,21:08:09
0.103515625,26.0°C,75%,21:08:25
-0.201171875,26.0°C,75%,21:08:41
-0.18359375,26.0°C,75%,21:08:58
0.095703125,26.0°C,75%,21:09:14
0.078125,26.0°C,75%,21:09:30
-0.201171875,26.0°C,75%,21:09:47
-0.140625,26.0°C,75%,21:10:03
0.09375,26.0°C,75%,21:10:19
0.0234375,26.0°C,75%,21:10:35
-0.21484375,26.0°C,75%,21:10:52
-0.07421875,26.0°C,75%,21:11:08
0.09765625,26.0°C,75%,21:11:24
-0.029296875,26.0°C,75%,21:11:40
-0.203125,26.0°C,75%,21:11:56
-0.00390625,26.0°C,75%,21:12:12
0.09765625,26.0°C,75%,21:12:29
-0.078125,26.0°C,75%,21:12:45
-0.19140625,26.0°C,75%,21:13:01
0.068359375,26.0°C,75%,21:13:17
0.109375,26.0°C,75%,21:13:33
-0.140625,26.0°C,75%,21:13:50
-0.19921875,26.0°C,75%,21:14:06
0.099609375,26.0°C,75%,21:14:22
0.103515625,26.0°C,75%,21:14:38
-0.185546875,26.0°C,75%,21:14:54
-0.193359375,26.0°C,75%,21:15:10
0.103515625,26.0°C,75%,21:15:26
0.0859375,26.0°C,75%,21:15:43
-0.208984375,26.0°C,75%,21:15:59
-0.1484375,26.0°C,75%,21:16:15
0.1015625,26.0°C,75%,21:16:31
0.064453125,26.0°C,75%,21:16:48
-0.205078125,26.0°C,75%,21:17:04
-0.0859375,26.0°C,75%,21:17:19
0.09765625,26.0°C,75%,21:17:36
-0.01171875,26.0°C,75%,21:17:52
-0.197265625,26.0°C,75%,21:18:08
-0.03515625,26.0°C,75%,21:18:24
0.09765625,26.0°C,75%,21:18:40
-0.060546875,26.0°C,75%,21:18:56
-0.205078125,26.0°C,75%,21:19:12
0.033203125,26.0°C,75%,21:19:29
0.1015625,26.0°C,75%,21:19:45
-0.119140625,26.0°C,75%,21:20:02
-0.203125,26.0°C,75%,21:20:18
0.08203125,26.0°C,75%,21:20:34
0.095703125,26.0°C,75%,21:20:51
-0.18359375,26.0°C,75%,21:21:07
-0.197265625,26.0°C,75%,21:21:23
0.10546875,26.0°C,75%,21:21:39
0.1015625,26.0°C,75%,21:21:55
-0.203125,26.0°C,75%,21:22:12
-0.18359375,26.0°C,75%,21:22:28
0.095703125,26.0°C,75%,21:22:44
0.076171875,26.0°C,75%,21:23:01
-0.1953125,26.0°C,75%,21:23:17
-0.12109375,26.0°C,75%,21:23:33
0.09765625,26.0°C,75%,21:23:49
0.0234375,26.0°C,75%,21:24:06
-0.21484375,26.0°C,75%,21:24:22
-0.0625,26.0°C,75%,21:24:39
0.087890625,26.0°C,75%,21:24:55
-0.046875,26.0°C,75%,21:25:12
-0.21484375,26.0°C,75%,21:25:28
-0.01171875,26.0°C,75%,21:25:44
0.09375,26.0°C,75%,21:26:00
-0.099609375,26.0°C,75%,21:26:16
-0.1953125,26.0°C,75%,21:26:32
0.0546875,26.0°C,75%,21:26:48
0.09765625,26.0°C,75%,21:27:05
-0.1640625,26.0°C,75%,21:27:21
-0.220703125,26.0°C,75%,21:27:37
0.08984375,26.0°C,75%,21:27:53
0.09375,26.0°C,75%,21:28:10
-0.1953125,26.0°C,75%,21:28:26
-0.1953125,26.0°C,75%,21:28:42
0.099609375,26.0°C,75%,21:28:58
0.08984375,26.0°C,75%,21:29:14
-0.205078125,26.0°C,75%,21:29:30
-0.14453125,26.0°C,75%,21:29:46
0.109375,26.0°C,75%,21:30:03
0.0625,26.0°C,75%,21:30:19
-0.201171875,26.0°C,75%,21:30:36
-0.08984375,26.0°C,75%,21:30:52
0.09765625,26.0°C,75%,21:31:08
-0.017578125,26.0°C,75%,21:31:26
-0.19921875,26.0°C,75%,21:31:42
-0.041015625,26.0°C,75%,21:31:58
0.08984375,26.0°C,75%,21:32:15
-0.076171875,26.0°C,75%,21:32:31
-0.21875,26.0°C,75%,21:32:47
0.029296875,26.0°C,75%,21:33:03
0.095703125,26.0°C,75%,21:33:19
-0.12890625,26.0°C,75%,21:33:35
-0.2109375,26.0°C,75%,21:33:51
0.07421875,26.0°C,75%,21:34:07
0.09375,26.0°C,75%,21:34:24
-0.19140625,26.0°C,75%,21:34:40
-0.19921875,26.0°C,75%,21:34:56
0.09765625,26.0°C,75%,21:35:12
0.095703125,26.0°C,75%,21:35:29
-0.208984375,26.0°C,75%,21:35:45
-0.177734375,26.0°C,75%,21:36:01
0.09765625,26.0°C,75%,21:36:18
0.08203125,26.0°C,75%,21:36:34
-0.19140625,26.0°C,75%,21:36:50
-0.1171875,26.0°C,75%,21:37:06
0.099609375,26.0°C,75%,21:37:23
0.0234375,26.0°C,75%,21:37:39
-0.205078125,26.0°C,75%,21:37:55
-0.05078125,26.0°C,75%,21:38:11
0.10546875,26.0°C,75%,21:38:27
-0.03515625,26.0°C,75%,21:38:43
-0.20703125,26.0°C,75%,21:39:00
0.00390625,26.0°C,75%,21:39:16
0.09765625,26.0°C,75%,21:39:32
-0.103515625,26.0°C,75%,21:39:49
-0.1953125,26.0°C,75%,21:40:05
0.060546875,26.0°C,75%,21:40:22
0.09375,26.0°C,75%,21:40:38
-0.166015625,26.0°C,75%,21:40:54
-0.21484375,26.0°C,75%,21:41:10
0.09375,26.0°C,75%,21:41:27
0.09375,26.0°C,75%,21:41:43
-0.197265625,26.0°C,75%,21:41:59
-0.1953125,26.0°C,75%,21:42:15
0.095703125,26.0°C,75%,21:42:32
0.0859375,26.0°C,75%,21:42:48
-0.212890625,26.0°C,75%,21:43:05
-0.1484375,26.0°C,75%,21:43:21
0.091796875,26.0°C,75%,21:43:38
0.044921875,26.0°C,75%,21:43:54
-0.21484375,26.0°C,75%,21:44:11
0.1015625,26.0°C,75%,21:44:27
0.09375,26.0°C,75%,21:44:43
-0.20703125,26.0°C,75%,21:44:59
-0.181640625,26.0°C,75%,21:45:16
0.099609375,26.0°C,75%,21:45:32
0.064453125,26.0°C,75%,21:45:48
-0.201171875,26.0°C,75%,21:46:04
-0.134765625,26.0°C,75%,21:46:21
0.0859375,26.0°C,75%,21:46:37
0.001953125,26.0°C,75%,21:46:53
-0.220703125,26.0°C,75%,21:47:09
-0.05859375,26.0°C,75%,21:47:26
0.09375,26.0°C,75%,21:47:42
-0.044921875,26.0°C,75%,21:47:59
-0.21484375,26.0°C,75%,21:48:15
0.001953125,26.0°C,75%,21:48:31
0.09765625,26.0°C,75%,21:48:47
-0.107421875,26.0°C,75%,21:49:03
-0.197265625,26.0°C,75%,21:49:19
0.060546875,26.0°C,75%,21:49:36
0.09375,26.0°C,75%,21:49:53
-0.1640625,26.0°C,75%,21:50:10
-0.2109375,26.0°C,75%,21:50:26
0.095703125,26.0°C,75%,21:50:42
0.103515625,26.0°C,75%,21:50:58
-0.193359375,26.0°C,75%,21:51:15
-0.1875,26.0°C,75%,21:51:31
0.1015625,26.0°C,75%,21:51:47
0.091796875,26.0°C,75%,21:52:03
-0.208984375,26.0°C,75%,21:52:19
-0.138671875,26.0°C,75%,21:52:36
0.103515625,26.0°C,75%,21:52:52
0.056640625,26.0°C,75%,21:53:08
-0.208984375,26.0°C,75%,21:53:25
-0.08984375,26.0°C,75%,21:53:41
0.095703125,26.0°C,75%,21:53:57
-0.021484375,26.0°C,75%,21:54:13
-0.19921875,26.0°C,75%,21:54:30
-0.03125,26.0°C,75%,21:54:46
0.095703125,26.0°C,75%,21:55:02
-0.064453125,26.0°C,75%,21:55:19
-0.205078125,26.0°C,75%,21:55:35
0.037109375,26.0°C,75%,21:55:51
0.103515625,26.0°C,75%,21:56:08
-0.119140625,26.0°C,75%,21:56:24
-0.20703125,26.0°C,75%,21:56:40
0.080078125,26.0°C,75%,21:56:57
0.09765625,26.0°C,75%,21:57:13
-0.1796875,26.0°C,75%,21:57:29
-0.1953125,26.0°C,75%,21:57:46
0.10546875,26.0°C,75%,21:58:02
0.103515625,26.0°C,75%,21:58:18
-0.20703125,26.0°C,75%,21:58:34
-0.17578125,26.0°C,75%,21:58:51
0.095703125,26.0°C,75%,21:59:08
0.080078125,26.0°C,75%,21:59:24
-0.197265625,26.0°C,75%,21:59:40
-0.123046875,26.0°C,75%,21:59:57
0.1015625,26.0°C,75%,22:00:13
0.02734375,26.0°C,75%,22:00:29
-0.20703125,26.0°C,75%,22:00:46
-0.056640625,26.0°C,75%,22:01:03
0.10546875,26.0°C,75%,22:01:20
-0.033203125,26.0°C,75%,22:01:36
-0.208984375,26.0°C,75%,22:01:52
-0.0078125,26.0°C,75%,22:02:09
0.09375,26.0°C,75%,22:02:26
-0.107421875,26.0°C,75%,22:02:42
-0.19921875,26.0°C,75%,22:02:58
0.05078125,26.0°C,75%,22:03:15
0.095703125,26.0°C,75%,22:03:32
-0.16015625,26.0°C,75%,22:03:48
-0.21484375,26.0°C,75%,22:04:05
0.09375,26.0°C,75%,22:04:21
0.091796875,26.0°C,75%,22:04:37
-0.193359375,26.0°C,75%,22:04:54
-0.201171875,26.0°C,75%,22:05:10
0.09765625,26.0°C,75%,22:05:27
0.0859375,26.0°C,75%,22:05:43
-0.216796875,26.0°C,75%,22:05:59
-0.15625,26.0°C,75%,22:06:15
0.09375,26.0°C,75%,22:06:31
0.05859375,26.0°C,75%,22:06:47
-0.2109375,26.0°C,75%,22:07:04
-0.09765625,26.0°C,75%,22:07:20
0.095703125,26.0°C,75%,22:07:36
-0.005859375,26.0°C,75%,22:07:52
-0.1953125,26.0°C,75%,22:08:09
-0.03515625,26.0°C,75%,22:08:26
0.1015625,26.0°C,75%,22:08:42
-0.060546875,26.0°C,75%,22:08:59
-0.205078125,26.0°C,73%,22:09:16
0.03125,26.0°C,73%,22:09:33
0.1015625,26.0°C,73%,22:09:49
-0.1171875,26.0°C,73%,22:10:06
-0.205078125,26.0°C,73%,22:10:23
0.07421875,26.0°C,73%,22:10:40
0.091796875,26.0°C,73%,22:10:56
-0.185546875,26.0°C,73%,22:11:13
-0.19921875,26.0°C,73%,22:11:29
0.09375,26.0°C,73%,22:11:45
0.091796875,26.0°C,73%,22:12:02
-0.208984375,26.0°C,73%,22:12:18
-0.193359375,26.0°C,73%,22:12:34
0.09375,26.0°C,73%,22:12:51
0.072265625,26.0°C,73%,22:13:08
-0.201171875,26.0°C,73%,22:13:24
-0.138671875,26.0°C,73%,22:13:40
0.095703125,26.0°C,73%,22:13:57
0.025390625,26.0°C,73%,22:14:13
-0.21484375,26.0°C,73%,22:14:30
-0.06640625,26.0°C,73%,22:14:46
0.09375,26.0°C,73%,22:15:02
-0.03125,26.0°C,73%,22:15:19
-0.205078125,26.0°C,73%,22:15:35
-0.009765625,26.0°C,73%,22:15:51
0.095703125,26.0°C,73%,22:16:07
-0.091796875,26.0°C,73%,22:16:25
-0.1953125,26.0°C,73%,22:16:41
0.052734375,26.0°C,73%,22:16:58
0.1015625,26.0°C,73%,22:17:14
-0.1484375,26.0°C,73%,22:17:30
-0.20703125,26.0°C,73%,22:17:47
0.095703125,26.0°C,73%,22:18:04
0.1015625,26.0°C,73%,22:18:20
-0.185546875,26.0°C,73%,22:18:38
-0.193359375,26.0°C,73%,22:18:54
0.103515625,26.0°C,73%,22:19:10
0.08984375,26.0°C,73%,22:19:26
-0.212890625,26.0°C,73%,22:19:42
-0.15625,26.0°C,73%,22:19:59
0.09375,26.0°C,73%,22:20:15
0.056640625,26.0°C,73%,22:20:31
-0.20703125,26.0°C,73%,22:20:49
-0.107421875,26.0°C,73%,22:21:06
0.09765625,26.0°C,73%,22:21:22
-0.0078125,26.0°C,73%,22:21:39
-0.19921875,26.0°C,73%,22:21:58
-0.044921875,26.0°C,73%,22:22:15
0.099609375,26.0°C,73%,22:22:31
-0.0546875,26.0°C,73%,22:22:49
-0.2109375,26.0°C,73%,22:23:05
0.025390625,26.0°C,73%,22:23:22
0.1015625,26.0°C,73%,22:23:38
-0.109375,26.0°C,73%,22:23:54
-0.19921875,26.0°C,73%,22:24:11
0.076171875,26.0°C,73%,22:24:27
0.099609375,26.0°C,73%,22:24:43
-0.171875,26.0°C,73%,22:25:00
-0.197265625,26.0°C,73%,22:25:17
0.099609375,26.0°C,73%,22:25:33
0.09765625,26.0°C,73%,22:25:49
-0.203125,26.0°C,73%,22:26:06
-0.19140625,26.0°C,73%,22:26:23
0.09375,26.0°C,73%,22:26:39
0.080078125,26.0°C,73%,22:26:55
-0.203125,26.0°C,73%,22:27:12
-0.12890625,26.0°C,73%,22:27:28
0.103515625,26.0°C,73%,22:27:44
0.041015625,26.0°C,73%,22:28:02
-0.208984375,26.0°C,73%,22:28:18
-0.0703125,26.0°C,73%,22:28:34
0.099609375,26.0°C,73%,22:28:50
-0.02734375,26.0°C,73%,22:29:06
-0.205078125,26.0°C,73%,22:29:23
-0.025390625,26.0°C,73%,22:29:39
0.091796875,26.0°C,73%,22:29:55
-0.095703125,26.0°C,73%,22:30:11
-0.20703125,26.0°C,73%,22:30:28
0.037109375,26.0°C,73%,22:30:44
0.09375,26.0°C,73%,22:31:00
-0.146484375,26.0°C,73%,22:31:17
-0.21484375,26.0°C,73%,22:31:34
0.083984375,26.0°C,73%,22:31:50
0.095703125,26.0°C,73%,22:32:06
-0.19140625,26.0°C,73%,22:32:24
-0.201171875,26.0°C,73%,22:32:40
0.099609375,26.0°C,73%,22:32:57
0.08984375,26.0°C,73%,22:33:13
-0.20703125,26.0°C,73%,22:33:30
-0.169921875,26.0°C,73%,22:33:47
0.103515625,26.0°C,73%,22:34:03
0.076171875,26.0°C,73%,22:34:19
-0.197265625,26.0°C,73%,22:34:36
-0.09765625,26.0°C,73%,22:34:52
0.099609375,26.0°C,73%,22:35:08
0.017578125,26.0°C,73%,22:35:25
-0.203125,26.0°C,73%,22:35:41
-0.044921875,26.0°C,73%,22:35:58
0.103515625,26.0°C,73%,22:36:14
-0.048828125,26.0°C,73%,22:36:31
-0.2109375,26.0°C,73%,22:36:47
0.005859375,26.0°C,73%,22:37:03
0.09375,26.0°C,73%,22:37:20
-0.1171875,26.0°C,73%,22:37:36
-0.203125,26.0°C,73%,22:37:53
0.05859375,26.0°C,73%,22:38:10
0.09375,26.0°C,73%,22:38:26
-0.173828125,26.0°C,73%,22:38:43
-0.2109375,26.0°C,73%,22:38:59
0.091796875,26.0°C,73%,22:39:16
0.09765625,26.0°C,73%,22:39:33
-0.203125,26.0°C,73%,22:39:50
-0.203125,26.0°C,73%,22:40:07
0.091796875,26.0°C,73%,22:40:25
0.080078125,26.0°C,73%,22:40:41
-0.208984375,26.0°C,73%,22:40:57
-0.146484375,26.0°C,73%,22:41:14
0.099609375,26.0°C,73%,22:41:31
0.04296875,26.0°C,73%,22:41:48
-0.208984375,26.0°C,73%,22:42:04
-0.0859375,26.0°C,73%,22:42:20
0.099609375,26.0°C,73%,22:42:38
-0.01171875,26.0°C,73%,22:42:54
-0.1953125,26.0°C,73%,22:43:11
-0.01953125,26.0°C,73%,22:43:28
0.095703125,26.0°C,73%,22:43:45
-0.0703125,26.0°C,73%,22:44:02
-0.208984375,26.0°C,73%,22:44:19
0.0390625,26.0°C,73%,22:44:36
0.1015625,26.0°C,73%,22:44:52
-0.1328125,26.0°C,73%,22:45:09
-0.20703125,26.0°C,73%,22:45:25
0.076171875,26.0°C,73%,22:45:41
0.09375,26.0°C,73%,22:45:58
-0.19140625,26.0°C,73%,22:46:14
-0.19921875,26.0°C,73%,22:46:30
0.09375,26.0°C,73%,22:46:47
0.091796875,26.0°C,73%,22:47:03
-0.212890625,26.0°C,73%,22:47:20
-0.185546875,26.0°C,73%,22:47:37
0.09375,26.0°C,73%,22:47:54
0.06640625,26.0°C,73%,22:48:12
-0.19921875,26.0°C,73%,22:48:28
-0.130859375,26.0°C,73%,22:48:44
0.091796875,26.0°C,73%,22:49:01
0.01171875,26.0°C,73%,22:49:18
-0.216796875,26.0°C,73%,22:49:34
-0.0625,26.0°C,73%,22:49:50
0.095703125,26.0°C,73%,22:50:07
-0.041015625,26.0°C,73%,22:50:24
-0.208984375,26.0°C,73%,22:50:40
0.0,26.0°C,73%,22:50:57
0.095703125,26.0°C,73%,22:51:13
-0.099609375,26.0°C,73%,22:51:29
-0.197265625,26.0°C,73%,22:51:46
0.05859375,26.0°C,73%,22:52:02
0.09765625,26.0°C,73%,22:52:19
-0.154296875,26.0°C,73%,22:52:35
-0.208984375,26.0°C,73%,22:52:53
0.095703125,26.0°C,73%,22:53:09
0.099609375,26.0°C,73%,22:53:26
-0.1953125,26.0°C,73%,22:53:42
-0.197265625,26.0°C,73%,22:53:59
0.09765625,26.0°C,73%,22:54:16
0.0859375,26.0°C,73%,22:54:32
-0.21875,26.0°C,73%,22:54:49
-0.154296875,26.0°C,73%,22:55:06
0.091796875,26.0°C,73%,22:55:22
0.048828125,26.0°C,73%,22:55:39
-0.2109375,26.0°C,73%,22:55:55
-0.099609375,26.0°C,73%,22:56:12
0.09375,26.0°C,73%,22:56:28
-0.01953125,26.0°C,73%,22:56:44
-0.19921875,26.0°C,73%,22:57:01
-0.04296875,26.0°C,73%,22:57:17
0.09765625,26.0°C,73%,22:57:34
-0.068359375,26.0°C,73%,22:57:50
-0.21484375,26.0°C,73%,22:58:06
0.02734375,26.0°C,73%,22:58:23
0.09765625,26.0°C,73%,22:58:39
-0.123046875,26.0°C,73%,22:58:56
-0.205078125,26.0°C,73%,22:59:12
0.080078125,26.0°C,73%,22:59:29
0.095703125,26.0°C,73%,22:59:46
-0.17578125,26.0°C,73%,23:00:03
-0.197265625,26.0°C,73%,23:00:20
0.103515625,26.0°C,73%,23:00:36
0.09765625,26.0°C,73%,23:00:52
-0.205078125,26.0°C,73%,23:01:09
-0.1875,26.0°C,73%,23:01:26
0.09765625,26.0°C,73%,23:01:42
0.087890625,26.0°C,73%,23:01:59
-0.193359375,26.0°C,73%,23:02:15
-0.1171875,26.0°C,73%,23:02:31
0.103515625,26.0°C,73%,23:02:48
0.02734375,26.0°C,73%,23:03:04
-0.2109375,26.0°C,73%,23:03:20
-0.056640625,26.0°C,73%,23:03:37
0.099609375,26.0°C,73%,23:03:53
-0.03515625,26.0°C,73%,23:04:10
-0.208984375,26.0°C,73%,23:04:27
0.001953125,26.0°C,73%,23:04:43
0.09765625,26.0°C,73%,23:04:59
-0.103515625,26.0°C,73%,23:05:16
-0.19921875,26.0°C,73%,23:05:33
0.041015625,26.0°C,73%,23:05:49
0.0859375,26.0°C,73%,23:06:05
-0.18359375,26.0°C,73%,23:06:21
-0.232421875,26.0°C,73%,23:06:38
0.078125,26.0°C,73%,23:06:55
0.076171875,26.0°C,73%,23:07:11
-0.2109375,26.0°C,73%,23:07:28
-0.21484375,26.0°C,73%,23:07:44
0.0859375,26.0°C,73%,23:08:01
0.07421875,26.0°C,73%,23:08:18
-0.22265625,26.0°C,73%,23:08:34
-0.162109375,26.0°C,73%,23:08:51
0.09375,26.0°C,73%,23:09:07
0.044921875,26.0°C,72%,23:09:23
-0.212890625,26.0°C,72%,23:09:40
-0.103515625,26.0°C,72%,23:09:56
0.091796875,26.0°C,72%,23:10:12
-0.01953125,26.0°C,72%,23:10:29
-0.203125,26.0°C,72%,23:10:45
-0.044921875,26.0°C,72%,23:11:02
0.0859375,26.0°C,72%,23:11:18
-0.07421875,26.0°C,72%,23:11:34
-0.2265625,26.0°C,72%,23:11:51
0.015625,26.0°C,72%,23:12:08
0.083984375,26.0°C,72%,23:12:24
-0.12109375,26.0°C,72%,23:12:40
-0.197265625,26.0°C,72%,23:12:57
0.07421875,26.0°C,72%,23:13:14
0.09765625,26.0°C,72%,23:13:30
-0.162109375,26.0°C,72%,23:13:47
-0.201171875,26.0°C,72%,23:14:03
0.1015625,26.0°C,72%,23:14:19
0.103515625,26.0°C,72%,23:14:35
-0.197265625,26.0°C,72%,23:14:52
-0.1875,26.0°C,72%,23:15:09
0.09375,26.0°C,72%,23:15:25
0.087890625,26.0°C,72%,23:15:42
-0.205078125,26.0°C,72%,23:15:58
-0.138671875,26.0°C,72%,23:16:14
0.09765625,26.0°C,72%,23:16:31
0.041015625,26.0°C,72%,23:16:47
-0.2109375,26.0°C,72%,23:17:04
-0.08203125,26.0°C,72%,23:17:20
0.103515625,26.0°C,72%,23:17:36
-0.064453125,26.0°C,72%,23:17:53
-0.236328125,26.0°C,72%,23:18:09
-0.052734375,26.0°C,72%,23:18:25
0.07421875,26.0°C,72%,23:18:42
-0.142578125,26.0°C,72%,23:18:58
-0.220703125,26.0°C,72%,23:19:14
0.021484375,26.0°C,72%,23:19:30
0.080078125,26.0°C,72%,23:19:47
-0.173828125,26.0°C,72%,23:20:03
-0.22265625,26.0°C,72%,23:20:19
0.08984375,26.0°C,72%,23:20:36
0.087890625,26.0°C,72%,23:20:52
-0.208984375,26.0°C,72%,23:21:08
-0.21484375,26.0°C,72%,23:21:24
0.080078125,26.0°C,72%,23:21:41
0.072265625,26.0°C,72%,23:21:57
-0.234375,26.0°C,72%,23:22:14
-0.1796875,26.0°C,72%,23:22:30
0.06640625,26.0°C,72%,23:22:47
0.01953125,26.0°C,72%,23:23:04
-0.23046875,26.0°C,72%,23:23:20
-0.146484375,26.0°C,72%,23:23:37
0.076171875,26.0°C,72%,23:23:54
-0.048828125,26.0°C,72%,23:24:10
-0.2109375,26.0°C,72%,23:24:26
-0.048828125,26.0°C,72%,23:24:42
0.09765625,26.0°C,72%,23:24:59
-0.0546875,26.0°C,72%,23:25:16
-0.197265625,26.0°C,72%,23:25:32
0.0390625,26.0°C,72%,23:25:48
0.11328125,26.0°C,72%,23:26:04
-0.109375,26.0°C,72%,23:26:21
-0.197265625,26.0°C,72%,23:26:37
0.078125,26.0°C,72%,23:26:53
0.091796875,26.0°C,72%,23:27:09
-0.197265625,26.0°C,72%,23:27:26
-0.2109375,26.0°C,72%,23:27:42
0.08203125,26.0°C,72%,23:27:59
0.078125,26.0°C,72%,23:28:17
-0.21875,26.0°C,72%,23:28:33
-0.21484375,26.0°C,72%,23:28:50
0.083984375,26.0°C,72%,23:29:06
0.05078125,26.0°C,72%,23:29:23
-0.212890625,26.0°C,72%,23:29:40
-0.15234375,26.0°C,72%,23:29:57
0.0859375,26.0°C,72%,23:30:14
0.017578125,26.0°C,72%,23:30:30
-0.22265625,26.0°C,72%,23:30:47
-0.072265625,26.0°C,72%,23:31:04
0.091796875,26.0°C,72%,23:31:21
-0.03125,26.0°C,72%,23:31:38
-0.205078125,26.0°C,72%,23:31:55
-0.015625,26.0°C,72%,23:32:12
0.091796875,26.0°C,72%,23:32:28
-0.1015625,26.0°C,72%,23:32:45
-0.205078125,26.0°C,72%,23:33:01
0.037109375,26.0°C,72%,23:33:18
0.087890625,26.0°C,72%,23:33:35
-0.15625,26.0°C,72%,23:33:51
-0.21875,26.0°C,72%,23:34:08
0.08984375,26.0°C,72%,23:34:24
0.09765625,26.0°C,72%,23:34:40
-0.19140625,26.0°C,72%,23:34:57
-0.193359375,26.0°C,72%,23:35:14
0.1015625,26.0°C,72%,23:35:31
0.08984375,26.0°C,72%,23:35:47
-0.212890625,26.0°C,72%,23:36:04
-0.162109375,26.0°C,72%,23:36:21
0.099609375,26.0°C,72%,23:36:37
0.060546875,26.0°C,72%,23:36:54
-0.205078125,26.0°C,72%,23:37:11
-0.11328125,26.0°C,72%,23:37:28
0.09375,26.0°C,72%,23:37:45
-0.001953125,26.0°C,72%,23:38:01
-0.205078125,26.0°C,72%,23:38:18
-0.05078125,26.0°C,72%,23:38:34
0.08984375,26.0°C,72%,23:38:51
-0.064453125,26.0°C,72%,23:39:07
-0.228515625,26.0°C,72%,23:39:23
0.001953125,26.0°C,72%,23:39:40
0.083984375,26.0°C,72%,23:39:56
-0.12890625,26.0°C,72%,23:40:12
-0.208984375,26.0°C,72%,23:40:29
0.060546875,26.0°C,72%,23:40:46
0.09375,26.0°C,72%,23:41:03
-0.166015625,26.0°C,72%,23:41:19
-0.197265625,26.0°C,72%,23:41:36
0.111328125,26.0°C,72%,23:41:52
0.111328125,26.0°C,72%,23:42:09
-0.19921875,26.0°C,72%,23:42:26
-0.193359375,26.0°C,72%,23:42:42
0.091796875,26.0°C,72%,23:42:59
-0.14453125,26.0°C,72%,23:43:16
-0.220703125,26.0°C,72%,23:43:33
0.076171875,26.0°C,72%,23:43:50
0.087890625,26.0°C,72%,23:44:07
-0.203125,26.0°C,72%,23:44:23
-0.20703125,26.0°C,72%,23:44:39
0.083984375,26.0°C,72%,23:44:56
0.087890625,26.0°C,72%,23:45:12
-0.224609375,26.0°C,72%,23:45:29
-0.18359375,26.0°C,72%,23:45:45
0.087890625,26.0°C,72%,23:46:02
0.05859375,26.0°C,72%,23:46:18
-0.205078125,26.0°C,72%,23:46:35
-0.123046875,26.0°C,72%,23:46:51
0.091796875,26.0°C,72%,23:47:08
0.009765625,26.0°C,72%,23:47:24
-0.20703125,26.0°C,72%,23:47:41
-0.05078125,26.0°C,72%,23:47:58
0.09765625,26.0°C,72%,23:48:14
-0.046875,26.0°C,72%,23:48:31
-0.208984375,26.0°C,72%,23:48:48
0.005859375,26.0°C,72%,23:49:05
0.091796875,26.0°C,72%,23:49:21
-0.1171875,26.0°C,72%,23:49:38
-0.201171875,26.0°C,72%,23:49:54
0.052734375,26.0°C,72%,23:50:12
0.091796875,26.0°C,72%,23:50:28
-0.173828125,26.0°C,72%,23:50:44
-0.21484375,26.0°C,72%,23:51:01
0.0859375,26.0°C,72%,23:51:18
0.083984375,26.0°C,72%,23:51:34
-0.205078125,26.0°C,72%,23:51:50
-0.208984375,26.0°C,72%,23:52:07
0.087890625,26.0°C,72%,23:52:23
0.0703125,26.0°C,72%,23:52:39
-0.220703125,26.0°C,72%,23:52:56
-0.158203125,26.0°C,72%,23:53:13
0.0859375,26.0°C,72%,23:53:29
0.037109375,26.0°C,72%,23:53:46
-0.216796875,26.0°C,72%,23:54:02
-0.09765625,26.0°C,72%,23:54:19
0.08984375,26.0°C,72%,23:54:35
-0.02734375,26.0°C,72%,23:54:53
-0.205078125,26.0°C,72%,23:55:10
-0.0390625,26.0°C,72%,23:55:26
0.08984375,26.0°C,72%,23:55:43
-0.078125,26.0°C,72%,23:55:59
-0.212890625,26.0°C,72%,23:56:16
0.03125,26.0°C,72%,23:56:33
0.099609375,26.0°C,72%,23:56:50
-0.1328125,26.0°C,72%,23:57:06
-0.208984375,26.0°C,72%,23:57:23
0.076171875,26.0°C,72%,23:57:40
0.09375,26.0°C,72%,23:57:56
-0.1953125,26.0°C,72%,23:58:13
-0.203125,26.0°C,72%,23:58:29
0.09375,26.0°C,72%,23:58:46
0.087890625,26.0°C,72%,23:59:02
-0.21875,26.0°C,72%,23:59:19
-0.1953125,26.0°C,72%,23:59:35
0.08984375,26.0°C,72%,23:59:52
0.0625,26.0°C,72%,00:00:08
-0.203125,26.0°C,72%,00:00:26
-0.134765625,26.0°C,72%,00:00:43
0.08984375,26.0°C,72%,00:00:59
0.009765625,26.0°C,72%,00:01:16
-0.22265625,26.0°C,72%,00:01:32
-0.068359375,26.0°C,72%,00:01:50
0.087890625,26.0°C,72%,00:02:07
-0.05078125,26.0°C,72%,00:02:24
-0.220703125,26.0°C,72%,00:02:41
-0.01953125,26.0°C,72%,00:02:57
0.0859375,26.0°C,72%,00:03:14
-0.12109375,26.0°C,72%,00:03:30
-0.205078125,26.0°C,72%,00:03:48
0.04296875,26.0°C,72%,00:04:04
0.087890625,26.0°C,72%,00:04:21
-0.173828125,26.0°C,72%,00:04:37
-0.220703125,26.0°C,72%,00:04:54
0.08984375,26.0°C,72%,00:05:10
0.09765625,26.0°C,72%,00:05:28
-0.19140625,26.0°C,72%,00:05:45
-0.1796875,26.0°C,72%,00:06:01
0.126953125,26.0°C,72%,00:06:19
0.11328125,26.0°C,72%,00:06:35
-0.18359375,26.0°C,72%,00:06:52
-0.138671875,26.0°C,72%,00:07:08
0.111328125,26.0°C,72%,00:07:24
0.0703125,26.0°C,72%,00:07:41
-0.20703125,26.0°C,72%,00:07:57
-0.103515625,26.0°C,72%,00:08:14
0.08984375,26.0°C,72%,00:08:30
-0.021484375,26.0°C,72%,00:08:47
-0.212890625,26.0°C,72%,00:09:03
-0.060546875,26.0°C,73%,00:09:19
0.083984375,26.0°C,73%,00:09:36
-0.07421875,26.0°C,73%,00:09:52
-0.208984375,26.0°C,73%,00:10:09
0.037109375,26.0°C,73%,00:10:25
0.123046875,26.0°C,73%,00:10:41
-0.109375,26.0°C,73%,00:10:58
-0.201171875,26.0°C,73%,00:11:14
0.064453125,26.0°C,73%,00:11:30
0.087890625,26.0°C,73%,00:11:47
-0.19921875,26.0°C,73%,00:12:03
-0.208984375,26.0°C,73%,00:12:19
0.091796875,26.0°C,73%,00:12:36
0.091796875,26.0°C,73%,00:12:53
-0.205078125,26.0°C,73%,00:13:09
-0.193359375,26.0°C,73%,00:13:26
0.095703125,26.0°C,73%,00:13:43
0.078125,26.0°C,73%,00:13:59
-0.203125,26.0°C,73%,00:14:15
-0.146484375,26.0°C,73%,00:14:32
0.0859375,26.0°C,73%,00:14:48
0.025390625,26.0°C,73%,00:15:04
-0.220703125,26.0°C,73%,00:15:21
-0.072265625,26.0°C,73%,00:15:37
0.099609375,26.0°C,73%,00:15:54
-0.03515625,26.0°C,73%,00:16:11
-0.20703125,26.0°C,73%,00:16:27
-0.029296875,26.0°C,73%,00:16:43
0.08984375,26.0°C,73%,00:17:01
-0.111328125,26.0°C,73%,00:17:18
-0.2109375,26.0°C,73%,00:17:34
0.029296875,26.0°C,73%,00:17:51
0.083984375,26.0°C,73%,00:18:07
-0.1640625,26.0°C,73%,00:18:24
-0.23046875,26.0°C,73%,00:18:40
0.0703125,26.0°C,73%,00:18:57
0.076171875,26.0°C,73%,00:19:13
-0.208984375,26.0°C,73%,00:19:30
-0.2109375,26.0°C,73%,00:19:47
0.083984375,26.0°C,73%,00:20:03
0.080078125,26.0°C,73%,00:20:19
-0.2265625,26.0°C,73%,00:20:35
-0.173828125,26.0°C,73%,00:20:52
0.09375,26.0°C,73%,00:21:10
0.056640625,26.0°C,73%,00:21:26
-0.208984375,26.0°C,73%,00:21:42
-0.123046875,26.0°C,73%,00:22:01
0.08984375,26.0°C,73%,00:22:18
0.0,26.0°C,73%,00:22:34
-0.20703125,26.0°C,73%,00:22:52
-0.052734375,26.0°C,73%,00:23:08
0.0859375,26.0°C,73%,00:23:25
-0.06640625,26.0°C,73%,00:23:41
-0.228515625,26.0°C,73%,00:23:57
0.0078125,26.0°C,73%,00:24:14
0.087890625,26.0°C,73%,00:24:30
-0.146484375,26.0°C,73%,00:24:47
-0.21484375,26.0°C,73%,00:25:03
0.044921875,26.0°C,73%,00:25:20
0.0859375,26.0°C,73%,00:25:37
-0.203125,26.0°C,73%,00:25:54
-0.21875,26.0°C,73%,00:26:11
0.080078125,26.0°C,73%,00:26:27
0.076171875,26.0°C,73%,00:26:43
-0.212890625,26.0°C,73%,00:27:00
-0.216796875,26.0°C,73%,00:27:16
0.083984375,26.0°C,73%,00:27:33
0.056640625,26.0°C,73%,00:27:50
-0.21875,26.0°C,73%,00:28:08
-0.158203125,26.0°C,73%,00:28:25
0.080078125,26.0°C,73%,00:28:41
0.017578125,26.0°C,73%,00:28:57
-0.232421875,26.0°C,73%,00:29:14
-0.09375,26.0°C,73%,00:29:30
0.083984375,26.0°C,73%,00:29:47
-0.03515625,26.0°C,73%,00:30:04
-0.203125,26.0°C,73%,00:30:21
-0.0234375,26.0°C,73%,00:30:37
0.091796875,26.0°C,73%,00:30:54
-0.091796875,26.0°C,73%,00:31:11
-0.208984375,26.0°C,73%,00:31:27
0.037109375,26.0°C,73%,00:31:44
0.095703125,26.0°C,73%,00:32:00
-0.14453125,26.0°C,73%,00:32:17
-0.212890625,26.0°C,73%,00:32:34
0.083984375,26.0°C,73%,00:32:50
0.099609375,26.0°C,73%,00:33:07
-0.1875,26.0°C,73%,00:33:24
-0.1953125,26.0°C,73%,00:33:40
0.09765625,26.0°C,73%,00:33:56
0.091796875,26.0°C,73%,00:34:13
-0.21875,26.0°C,73%,00:34:29
-0.181640625,26.0°C,73%,00:34:46
0.08984375,26.0°C,73%,00:35:02
0.0625,26.0°C,73%,00:35:19
-0.205078125,26.0°C,73%,00:35:36
-0.125,26.0°C,73%,00:35:52
0.091796875,26.0°C,73%,00:36:09
-0.001953125,26.0°C,73%,00:36:25
-0.21875,26.0°C,73%,00:36:42
-0.064453125,26.0°C,73%,00:36:59
0.091796875,26.0°C,73%,00:37:15
-0.0546875,26.0°C,73%,00:37:31
-0.21875,26.0°C,73%,00:37:48
-0.005859375,26.0°C,73%,00:38:05
0.08984375,26.0°C,73%,00:38:21
-0.123046875,26.0°C,73%,00:38:38
-0.203125,26.0°C,73%,00:38:55
0.0546875,26.0°C,73%,00:39:12
0.08984375,26.0°C,73%,00:39:28
-0.173828125,26.0°C,73%,00:39:44
-0.21484375,26.0°C,73%,00:40:01
0.091796875,26.0°C,73%,00:40:17
0.09375,26.0°C,73%,00:40:34
-0.208984375,26.0°C,73%,00:40:50
-0.212890625,26.0°C,73%,00:41:07
0.080078125,26.0°C,73%,00:41:23
0.052734375,26.0°C,73%,00:41:40
-0.228515625,26.0°C,73%,00:41:56
-0.16796875,26.0°C,73%,00:42:13
0.0703125,26.0°C,73%,00:42:29
0.013671875,26.0°C,73%,00:42:47
-0.23828125,26.0°C,73%,00:43:04
-0.103515625,26.0°C,73%,00:43:20
0.078125,26.0°C,73%,00:43:36
-0.05859375,26.0°C,73%,00:43:53
-0.216796875,26.0°C,73%,00:44:09
-0.060546875,26.0°C,73%,00:44:26
0.08203125,26.0°C,73%,00:44:42
-0.1171875,26.0°C,73%,00:44:59
-0.2265625,26.0°C,73%,00:45:15
0.01171875,26.0°C,73%,00:45:31
0.072265625,26.0°C,73%,00:45:48
-0.166015625,26.0°C,73%,00:46:04
-0.236328125,26.0°C,73%,00:46:21
0.0703125,26.0°C,73%,00:46:37
0.083984375,26.0°C,73%,00:46:54
-0.1953125,26.0°C,73%,00:47:10
-0.205078125,26.0°C,73%,00:47:27
0.09765625,26.0°C,73%,00:47:43
0.091796875,26.0°C,73%,00:47:59
-0.212890625,26.0°C,73%,00:48:16
-0.177734375,26.0°C,73%,00:48:32
0.095703125,26.0°C,73%,00:48:49
0.0703125,26.0°C,73%,00:49:05
-0.19921875,26.0°C,73%,00:49:21
-0.123046875,26.0°C,73%,00:49:38
0.09375,26.0°C,73%,00:49:54
0.0078125,26.0°C,73%,00:50:11
-0.2109375,26.0°C,73%,00:50:27
-0.0546875,26.0°C,73%,00:50:44
0.09765625,26.0°C,73%,00:51:00
-0.041015625,26.0°C,73%,00:51:16
-0.2109375,26.0°C,73%,00:51:32
0.00390625,26.0°C,73%,00:51:49
0.09375,26.0°C,73%,00:52:05
-0.107421875,26.0°C,73%,00:52:22
-0.19921875,26.0°C,73%,00:52:39
0.056640625,26.0°C,73%,00:52:55
0.091796875,26.0°C,73%,00:53:11
-0.1796875,26.0°C,73%,00:53:28
-0.212890625,26.0°C,73%,00:53:44
0.09375,26.0°C,73%,00:54:01
0.107421875,26.0°C,73%,00:54:17
-0.181640625,26.0°C,73%,00:54:34
-0.181640625,26.0°C,73%,00:54:50
0.111328125,26.0°C,73%,00:55:07
0.107421875,26.0°C,73%,00:55:24
-0.171875,26.0°C,73%,00:55:40
-0.125,26.0°C,73%,00:55:57
0.140625,26.0°C,73%,00:56:13
0.119140625,26.0°C,73%,00:56:30
-0.158203125,26.0°C,73%,00:56:46
-0.015625,26.0°C,73%,00:57:03
0.119140625,26.0°C,73%,00:57:19
0.048828125,26.0°C,73%,00:57:37
-0.185546875,26.0°C,73%,00:57:53
-0.00390625,26.0°C,73%,00:58:09
0.119140625,26.0°C,73%,00:58:26
-0.037109375,26.0°C,73%,00:58:43
-0.193359375,26.0°C,73%,00:58:59
0.03515625,26.0°C,73%,00:59:15
0.119140625,26.0°C,73%,00:59:31
-0.099609375,26.0°C,73%,00:59:47
-0.185546875,26.0°C,73%,01:00:03
0.1015625,26.0°C,73%,01:00:19
0.109375,26.0°C,73%,01:00:36
-0.13671875,26.0°C,73%,01:00:52
-0.18359375,26.0°C,73%,01:01:08
0.130859375,26.0°C,73%,01:01:24
0.1171875,26.0°C,73%,01:01:40
-0.1953125,26.0°C,73%,01:01:56
-0.1796875,26.0°C,73%,01:02:12
0.09375,26.0°C,73%,01:02:29
0.060546875,26.0°C,73%,01:02:45
-0.21484375,26.0°C,73%,01:03:01
-0.166015625,26.0°C,73%,01:03:17
0.076171875,26.0°C,73%,01:03:33
-0.0234375,26.0°C,73%,01:03:49
-0.23046875,26.0°C,73%,01:04:06
-0.072265625,26.0°C,73%,01:04:23
0.09375,26.0°C,73%,01:04:39
-0.044921875,26.0°C,73%,01:04:56
